{"0": 2.909013062335439e-05, "1": 2.908880193231336e-05, "2": 2.910008323491386e-05, "3": 2.910240957245802e-05, "4": 2.911234734891456e-05, "5": 2.911832961849177e-05, "6": 2.912826726245089e-05, "7": 2.913786801905872e-05, "8": 2.914385012353163e-05, "9": 2.915311094002447e-05, "10": 2.916271158567543e-05, "11": 2.916835261075775e-05, "12": 2.917795314798129e-05, "13": 2.918325350438153e-05, "14": 2.919615570535384e-05, "15": 2.920111451045435e-05, "16": 2.921367468695034e-05, "17": 2.922194950482937e-05, "18": 2.922759041214041e-05, "19": 2.923980838965584e-05, "20": 2.924842426998967e-05, "21": 2.925372451994646e-05, "22": 2.926594238914392e-05, "23": 2.927421709404099e-05, "24": 2.928283286762395e-05, "25": 2.929836371846995e-05, "26": 2.930366385966348e-05, "27": 2.931553896472251e-05, "28": 2.932415463138384e-05, "29": 2.933242922718721e-05, "30": 2.934795995252814e-05, "31": 2.935623444007663e-05, "32": 2.936776778403373e-05, "33": 2.937964278363148e-05, "34": 2.938757577935749e-05, "35": 2.939910899126442e-05, "36": 2.941098388487779e-05, "37": 2.941891677334468e-05, "38": 2.943045000078044e-05, "39": 2.943804153597371e-05, "40": 2.944631580983195e-05, "41": 2.945819058700251e-05, "42": 2.946578201202863e-05, "43": 2.947731512403698e-05, "44": 2.948884813084347e-05, "45": 2.949643944607733e-05, "46": 2.950797235081273e-05, "47": 2.951888057271427e-05, "48": 2.952647177573685e-05, "49": 2.953765793010771e-05, "50": 2.954890539116712e-05, "51": 2.955615569431809e-05, "52": 2.956734173956729e-05, "53": 2.957425114138165e-05, "54": 2.958543707761858e-05, "55": 2.959629161743015e-05, "56": 2.960354181283344e-05, "57": 2.961439624508216e-05, "58": 2.962525056801693e-05, "59": 2.963215985834887e-05, "60": 2.964267297051912e-05, "61": 2.965318597334185e-05, "62": 2.965975416049756e-05, "63": 2.96706084833215e-05, "64": 2.945037303350193e-05, "65": 2.968677611590214e-05, "66": 2.969728899884269e-05, "67": 2.970745979774351e-05, "68": 2.971368625345719e-05, "69": 2.972419902640498e-05, "70": 2.97343697151034e-05, "71": 2.974419888995574e-05, "72": 2.975008422964147e-05, "73": 2.976025476834047e-05, "74": 2.97700838321458e-05, "75": 2.946763784534724e-05, "76": 2.978991206109312e-05, "77": 2.979939987841347e-05, "78": 2.980494498522343e-05, "79": 2.981443269225895e-05, "80": 2.982426164390632e-05, "81": 2.982946562098679e-05, "82": 2.983895321873138e-05, "83": 2.984844070716618e-05, "84": 2.985792808629087e-05, "85": 2.986687095907474e-05, "86": 2.987601689240356e-05, "87": 2.988550426173007e-05, "88": 2.989036733230869e-05, "89": 2.989951315629158e-05, "90": 2.990865887010729e-05, "91": 2.991780447460927e-05, "92": 2.992232674485303e-05, "93": 2.99314723403328e-05, "94": 2.994027663206414e-05, "95": 2.99490808143497e-05, "96": 2.995788488732153e-05, "97": 2.996206584065615e-05, "98": 2.997503460662287e-05, "99": 2.99834971261352e-05, "100": 2.999195953629859e-05, "101": 2.966956799052062e-05, "102": 3.00045803926839e-05, "103": 3.001269986877902e-05, "104": 3.001653915852575e-05, "105": 3.002881721759685e-05, "106": 3.003231499503454e-05, "107": 3.004459294409337e-05, "108": 3.004774945484837e-05, "109": 3.005968595305141e-05, "110": 3.006625400032607e-05, "111": 2.97237088282381e-05, "112": 3.00849318359207e-05, "113": 3.008774730799654e-05, "114": 3.009968369684988e-05, "115": 3.010215790408226e-05, "116": 3.011749103043827e-05, "117": 3.011962391090332e-05, "118": 3.01254920677894e-05, "119": 3.01366904940502e-05, "120": 3.01384819777174e-05, "121": 3.015041825722103e-05, "122": 3.015186835105234e-05, "123": 3.016346330378864e-05, "124": 3.017122047539097e-05, "125": 3.018247738243642e-05, "126": 3.018784179377488e-05, "127": 3.019559885601569e-05, "128": 3.020685565371142e-05, "129": 3.021427132927236e-05, "130": 3.022518686617942e-05, "131": 3.022830883658253e-05, "132": 3.023922426414006e-05, "133": 3.024979842419409e-05, "134": 3.025687258079524e-05, "135": 3.026744663149955e-05, "136": 3.02705684925528e-05, "137": 2.989260668264562e-05, "138": 3.028680792582877e-05, "139": 3.029699805900595e-05, "140": 3.030373079979313e-05, "141": 3.030960814917544e-05, "142": 3.03197981730029e-05, "143": 3.032929949797282e-05, "144": 3.033880071359302e-05, "145": 2.994576356779435e-05, "146": 3.035760209670732e-05, "147": 3.036347933674001e-05, "148": 3.036899757969103e-05, "149": 3.03788401188383e-05, "150": 3.038435825243959e-05, "151": 3.039757656910793e-05, "152": 3.040673667617303e-05, "153": 3.04085278772483e-05, "154": 3.041802909286846e-05, "155": 3.042319294503716e-05, "156": 3.043235294275253e-05, "157": 3.043717540268297e-05, "158": 3.044633529104862e-05, "159": 3.045480579979782e-05, "160": 3.045625574229158e-05, "161": 3.046844991444391e-05, "162": 3.047024099802086e-05, "163": 3.047871139742034e-05, "164": 3.048387514023932e-05, "165": 3.048532497338337e-05, "166": 3.049751903618598e-05, "167": 3.049862719277053e-05, "168": 3.01014387869677e-05, "169": 3.05199655767554e-05, "170": 3.052141529988718e-05, "171": 3.053326759755403e-05, "172": 3.053437564478887e-05, "173": 3.054250262193231e-05, "174": 3.054992705292447e-05, "175": 3.055103509080959e-05, "176": 3.056288727912672e-05, "177": 3.056365373303648e-05, "178": 3.057516416629737e-05, "179": 3.058190977218684e-05, "180": 3.058301770072223e-05, "181": 3.05948697808241e-05, "182": 3.059563612538415e-05, "183": 3.020521876807869e-05, "184": 3.061053426218151e-05, "185": 3.061437166547683e-05, "186": 3.062588198942793e-05, "187": 3.062630739818828e-05, "188": 3.063443426598199e-05, "189": 3.06408466601445e-05, "190": 3.064161299469476e-05, "191": 3.06531232093361e-05, "192": 3.065354850874673e-05, "193": 3.066471718780516e-05, "194": 3.067146268434491e-05, "195": 3.067222890944545e-05, "196": 3.068339747915416e-05, "197": 3.030382903803107e-05, "198": 3.069797821611075e-05, "199": 3.070845788320011e-05, "200": 3.070851410659714e-05, "201": 3.072280205626359e-05, "202": 3.072890691167688e-05, "203": 3.072924823812822e-05, "204": 3.074041670008836e-05, "205": 3.074317070183187e-05, "206": 3.075433905423126e-05, "207": 3.037525380587213e-05, "208": 3.076828551065842e-05, "209": 3.077750849646467e-05, "210": 3.078738980749002e-05, "211": 3.078773102459164e-05, "212": 3.079890204996236e-05, "213": 3.080165594235615e-05, "214": 3.081153714403178e-05, "215": 3.081987593235471e-05, "216": 3.082098650428945e-05, "217": 3.083052562253372e-05, "218": 3.083886430150694e-05, "219": 3.084720287113045e-05, "220": 3.085519890875723e-05, "221": 3.085525501815152e-05, "222": 3.086325094642858e-05, "223": 3.08715895150519e-05, "224": 3.087958544402924e-05, "225": 3.088758126365686e-05, "226": 3.089557707393477e-05, "227": 3.08959181816365e-05, "228": 3.090391389196469e-05, "229": 3.091156821867129e-05, "230": 3.09119092170233e-05, "231": 3.091956343437998e-05, "232": 3.091956343437998e-05, "233": 3.092721754238694e-05, "234": 3.093487154104419e-05, "235": 3.093487154104419e-05, "236": 3.094252543035171e-05, "237": 3.094983756314841e-05, "238": 3.095017845210069e-05, "239": 3.095749047554766e-05, "240": 3.096480238964491e-05, "241": 3.096480238964491e-05, "242": 3.097177287790514e-05, "243": 3.097874325681566e-05, "244": 3.097874325681566e-05, "245": 3.098251214309388e-05, "246": 3.098251214309388e-05, "247": 3.099324905167097e-05, "248": 3.100021921313361e-05, "249": 3.100021921313361e-05, "250": 3.100718926524653e-05, "251": 3.101381734954784e-05, "252": 3.101415802055627e-05, "253": 3.10207860001827e-05, "254": 3.102741387045941e-05, "255": 3.103369994643033e-05, "256": 3.104032770735733e-05, "257": 3.104661367402852e-05, "258": 3.104661367402852e-05, "259": 3.105289953134999e-05, "260": 3.105918527932174e-05, "261": 3.105918527932174e-05, "262": 3.106547091794378e-05, "263": 3.107141525413197e-05, "264": 3.107141525413197e-05, "265": 3.107735948097044e-05, "266": 3.108088018288544e-05, "267": 3.108364024840833e-05, "268": 3.108992578768037e-05, "269": 3.109586990516911e-05, "270": 3.109586990516911e-05,