{"0": 2.092518170287116e-06, "1": 2.092422120168019e-06, "2": 2.092326070048922e-06, "3": 2.092230019929825e-06, "4": 2.092133969810728e-06, "5": 2.092037919691631e-06, "6": 2.091941869572534e-06, "7": 2.091845819453437e-06, "8": 2.09174976933434e-06, "9": 2.091653719215243e-06, "10": 2.091557669096146e-06, "11": 2.091461618977049e-06, "12": 2.091365568857952e-06, "13": 2.0912695187388554e-06, "14": 2.0911734686197582e-06, "15": 2.0910774185006615e-06, "16": 2.0909813683815643e-06, "17": 2.0908853182624676e-06, "18": 2.0907892681433705e-06, "19": 2.0906932180242738e-06, "20": 2.090597167905177e-06, "21": 2.09050111778608e-06, "22": 2.090405067666983e-06, "23": 2.090309017547886e-06, "24": 2.090212967428789e-06, "25": 2.090116917309692e-06, "26": 2.090020867190595e-06, "27": 2.089924817071498e-06, "28": 2.089828766952401e-06, "29": 2.089732716833304e-06, "30": 2.0896366667142073e-06, "31": 2.08954061659511e-06, "32": 2.0894445664760134e-06, "33": 2.0893485163569163e-06, "34": 2.0892524662378195e-06, "35": 2.089156416118723e-06, "36": 2.0890603659996257e-06, "37": 2.0889643158805285e-06, "38": 2.088868265761432e-06, "39": 2.088772215642335e-06, "40": 2.088676165523238e-06, "41": 2.088580115404141e-06, "42": 2.088484065285044e-06, "43": 2.088388015165947e-06, "44": 2.08829196504685e-06, "45": 2.088195914927753e-06, "46": 2.088099864808656e-06, "47": 2.088003814689559e-06, "48": 2.0879077645704625e-06, "49": 2.0878117144513653e-06, "50": 2.0877156643322686e-06, "51": 2.0876196142131714e-06, "52": 2.0875235640940747e-06, "53": 2.0874275139749776e-06, "54": 2.087331463855881e-06, "55": 2.0872354137367837e-06, "56": 2.087139363617687e-06, "57": 2.08704331349859e-06, "58": 2.086947263379493e-06, "59": 2.086851213260396e-06, "60": 2.086755163141299e-06, "61": 2.086659113022202e-06, "62": 2.086563062903105e-06, "63": 2.0864670127840082e-06, "64": 2.0863709626649115e-06, "65": 2.0862749125458144e-06, "66": 2.0861788624267176e-06, "67": 2.0860828123076205e-06, "68": 2.0859867621885238e-06, "69": 2.0858907120694266e-06, "70": 2.08579466195033e-06, "71": 2.085698611831233e-06, "72": 2.085602561712136e-06, "73": 2.085506511593039e-06, "74": 2.085410461473942e-06, "75": 2.085314411354845e-06, "76": 2.085218361235748e-06, "77": 2.085122311116651e-06, "78": 2.085026260997554e-06, "79": 2.084930210878457e-06, "80": 2.0848341607593606e-06, "81": 2.0847381106402634e-06, "82": 2.0846420605211667e-06, "83": 2.0845460104020695e-06, "84": 2.084449960282973e-06, "85": 2.0843539101638757e-06, "86": 2.084257860044779e-06, "87": 2.084161809925682e-06, "88": 2.084065759806585e-06, "89": 2.083969709687488e-06, "90": 2.083873659568391e-06, "91": 2.083777609449294e-06, "92": 2.083681559330197e-06, "93": 2.0835855092111e-06, "94": 2.0834894590920035e-06, "95": 2.0833934089729063e-06, "96": 2.0832973588538096e-06, "97": 2.0832013087347125e-06, "98": 2.0831052586156157e-06, "99": 2.0830092084965186e-06, "100": 2.082913158377422e-06, "101": 2.0828171082583247e-06, "102": 2.082721058139228e-06, "103": 2.082625008020131e-06, "104": 2.082528957901034e-06, "105": 2.082432907781937e-06, "106": 2.08233685766284e-06, "107": 2.082240807543743e-06, "108": 2.082144757424646e-06, "109": 2.0820487073055492e-06, "110": 2.0819526571864525e-06, "111": 2.0818566070673554e-06, "112": 2.0817605569482587e-06, "113": 2.0816645068291615e-06, "114": 2.081568456710065e-06, "115": 2.0814724065909676e-06, "116": 2.081376356471871e-06, "117": 2.081280306352774e-06, "118": 2.081184256233677e-06, "119": 2.08108820611458e-06, "120": 2.080992155995483e-06, "121": 2.080896105876386e-06, "122": 2.080800055757289e-06, "123": 2.0807040056381926e-06, "124": 2.0806079555190954e-06, "125": 2.0805119054e-06, "126": 2.08041585528089e-06, "127": 2.08031980516179e-06, "128": 2.08022375504269e-06, "129": 2.08012770492359e-06, "130": 2.0800316548045e-06, "131": 2.0799356046854e-06, "132": 2.0798395545663e-06, "133": 2.0797435044472e-06, "134": 2.07964745432811e-06, "135": 2.07955140420901e-06, "136": 2.07945535408991e-06, "137": 2.07935930397081e-06, "138": 2.07926325385171e-06, "139": 2.07916720373261e-06, "140": 2.07907115361352e-06, "141": 2.07897510349442e-06, "142": 2.07887905337532e-06, "143": 2.07878300325622e-06, "144": 2.07868695313712e-06, "145": 2.07859090301802e-06, "146": 2.07849485289893e-06, "147": 2.07839880277983e-06, "148": 2.07830275266073e-06, "149": 2.07820670254163e-06, "150": 2.07811065242253e-06, "151": 2.07801460230343e-06, "152": 2.07791855218433e-06, "153": 2.07782250206523e-06, "154": 2.07772645194614e-06, "155": 2.07763040182704e-06, "156": 2.07753435170794e-06, "157": 2.07743830158884e-06, "158": 2.07734225146974e-06, "159": 2.07724620135064e-06, "160": 2.07715015123154e-06, "161": 2.07705410111245e-06, "162": 2.07695805099335e-06, "163": 2.07686200087425e-06, "164": 2.07676595075515e-06, "165": 2.07666990063605e-06, "166": 2.07657385051695e-06, "167": 2.07647780039785e-06, "168": 2.07638175027875e-06, "169": 2.07628570015965e-06, "170": 2.07618965004056e-06, "171": 2.07609359992146e-06, "172": 2.07599754980236e-06, "173": 2.07590149968326e-06, "174": 2.07580544956416e-06, "175": 2.07570939944506e-06, "176": 2.07561334932596e-06, "177": 2.07551729920686e-06, "178": 2.07542124908777e-06, "179": 2.07532519896867e-06, "180": 2.07522914884957e-06, "181": 2.07513309873047e-06, "182": 2.07503704861137e-06, "183": 2.07494099849227e-06, "184": 2.07484494837317e-06, "185": 2.07474889825407e-06, "186": 2.07465284813498e-06, "187": 2.07455679801588e-06, "188": 2.07446074789678e-06, "189": 2.07436469777768e-06, "190": 2.07426864765858e-06, "191": 2.07417259753948e-06, "192": 2.07407654742038e-06, "193": 2.07398049730128e-06, "194": 2.07388444718218e-06, "195": 2.07378839706308e-06, "196": 2.07369234694399e-06, "197": 2.07359629682489e-06, "198": 2.07350024670579e-06, "199": 2.07340419658669e-06, "200": 2.07330814646759e-06, "201": 2.07321209634849e-06, "202": 2.07311604622939e-06, "203": 2.07301999611029e-06, "204": 2.07292394599119e-06, "205": 2.0728278958721e-06, "206": 2.072731845753e-06, "207": 2.0726357956339e-06, "208": 2.0725397455148e-06, "209": 2.0724436953957e-06, "210": 2.0723476452766e-06, "211": 2.0722515951575e-06, "212": 2.07215554503841e-06, "213": 2.07205949491931e-06, "214": 2.07196344480021e-06, "215": 2.07186739468111e-06, "216": 2.07177134456201e-06, "217": 2.07167529444291e-06, "218": 2.07157924432381e-06, "219": 2.07148319420471e-06, "220": 2.07138714408561e-06, "221": 2.07129109396652e-06, "222": 2.07119504384742e-06, "223": 2.07109899372832e-06, "224": 2.07100294360922e-06, "225": 2.07090689349012e-06, "226": 2.07081084337102e-06, "227": 2.07071479325192e-06, "228": 2.07061874313282e-06, "229": 2.07052269301372e-06, "230": 2.07042664289462e-06, "231": 2.07033059277553e-06, "232": 2.07023454265643e-06, "233": 2.07013849253733e-06, "234": 2.07004244241823e-06, "235": 2.06994639229913e-06, "236": 2.06985034218003e-06, "237": 2.06975429206093e-06, "238": 2.06965824194183e-06, "239": 2.06956219182273e-06, "240": 2.06946614170363e-06, "241": 2.06937009158454e-06, "242": 2.06927404146544e-06, "243": 2.06917799134634e-06, "244": 2.06908194122724e-06, "245": 2.06898589110814e-06, "246": 2.06888984098904e-06, "247": 2.06879379086994e-06, "248": 2.06869774075084e-06, "249": 2.06860169063174e-06, "250": 2.06850564051265e-06, "251": 2.06840959039355e-06, "252": 2.06831354027445e-06, "253": 2.06821749015535e-06, "254": 2.06812143903625e-06, "255": 2.06802538891715e-06, "256": 2.06792933879805e-06, "257": 2.06783328867895e-06, "258": 2.06773723855985e-06, "259": 2.06764118844075e-06, "260": 2.06754513832165e-06, "261": 2.06744908820255e-06, "262": 2.06735303808346e-06, "263": 2.06725698796436e-06, "264": 2.06716093784526e-06, "265": 2.06706488772616e-06, "266": 2.06696883760706e-06, "267": 2.06687278748796e-06, "268": 2.06677673736886e-06, "269": 2.06668068724976e-06, "270": 2.06658463713066e-06, "271": 2.06648858701156e-06, "272": 2.06639253689247e-06, "273": 2.06629648677337e-06,