{"0": 3.740003290680197e-06, "1": 3.740879410114093e-06, "2": 3.7419139268388917e-06, "3": 3.742940250917024e-06, "4": 3.743778553535914e-06, "5": 3.744312686888204e-06, "6": 3.745037142718116e-06, "7": 3.746011746200236e-06, "8": 3.746369524021764e-06, "9": 3.747321550212002e-06, "10": 3.748016460172828e-06, "11": 3.748701977937397e-06, "12": 3.749187313063852e-06, "13": 3.749847137955502e-06, "14": 3.7507421360098064e-06, "15": 3.7513303644040855e-06, "16": 3.752077978206597e-06, "17": 3.752814841963951e-06, "18": 3.7533364993175112e-06, "19": 3.754059048383827e-06, "20": 3.75501865910543e-06, "21": 3.755430268800171e-06, "22": 3.756358826274474e-06, "23": 3.756926955845524e-06, "24": 3.757319983944719e-06, "25": 3.7580327343467645e-06, "26": 3.758560175024707e-06, "27": 3.759260100234149e-06, "28": 3.76016335334235e-06, "29": 3.760492822166946e-06, "30": 3.7613670183184654e-06, "31": 3.7620242207011933e-06, "32": 3.762672534575825e-06, "33": 3.7634898236113944e-06, "34": 3.763955681329665e-06, "35": 3.764758530349887e-06, "36": 3.7652174805720978e-06, "37": 3.766005118712797e-06, "38": 3.766579803158017e-06, "39": 3.76755498835269e-06, "40": 3.767894541793392e-06, "41": 3.768840212354784e-06, "42": 3.7693351918370925e-06, "43": 3.770104680872856e-06, "44": 3.770591781297184e-06, "45": 3.771190479708682e-06, "46": 3.771926673197148e-06, "47": 3.77251268310061e-06, "48": 3.773233261771131e-06, "49": 3.7739196395349697e-06, "50": 3.774591465225333e-06, "51": 3.775247926955034e-06, "52": 3.775902188610582e-06, "53": 3.776539951152062e-06, "54": 3.77717524961051e-06, "55": 3.77779532822453e-06, "56": 3.778553229643191e-06, "57": 3.779157297920786e-06, "58": 3.779758782390771e-06, "59": 3.7804792040149027e-06, "60": 3.781064283838343e-06, "61": 3.781646274479901e-06, "62": 3.782225139268847e-06, "63": 3.782921509149442e-06, "64": 3.783481283726588e-06, "65": 3.784037775940428e-06, "66": 3.784591036069929e-06, "67": 3.785265697241031e-06, "68": 3.7857997384661857e-06, "69": 3.786221544485546e-06, "70": 3.786641042761895e-06, "71": 3.78716946002167e-06, "72": 3.787585507851897e-06, "73": 3.7882260799464626e-06, "74": 3.7887413661138245e-06, "75": 3.789150009695669e-06, "76": 3.7896495537574742e-06, "77": 3.790145610813735e-06, "78": 3.790638166723238e-06, "79": 3.7911272365319885e-06, "80": 3.791503387820063e-06, "81": 3.7919864205574516e-06, "82": 3.7924659341517036e-06, "83": 3.792941944887373e-06, "84": 3.793414468600863e-06, "85": 3.793883520894569e-06, "86": 3.7943491171358992e-06, "87": 3.794705572242095e-06, "88": 3.795165181711204e-06, "89": 3.7956213032766325e-06, "90": 3.7960739521361516e-06, "91": 3.796523143270417e-06, "92": 3.796968891552554e-06, "93": 3.797411211751383e-06, "94": 3.797850118530373e-06, "95": 3.798179246101416e-06, "96": 3.7986121915902145e-06, "97": 3.7990417387431634e-06, "98": 3.799467802220464e-06, "99": 3.799890466474133e-06, "100": 3.800310245849887e-06, "101": 3.8006206063688266e-06, "102": 3.800929255140683e-06, "103": 3.801344402631583e-06, "104": 3.801756041040333e-06, "105": 3.8021641851228496e-06, "106": 3.802463282498225e-06, "107": 3.8028654512401764e-06, "108": 3.803264115164996e-06, "109": 3.803659288585698e-06, "110": 3.804050985638127e-06, "111": 3.8044392203790586e-06, "112": 3.80491035905161e-06, "113": 3.805381902096357e-06, "114": 3.8056157018318623e-06, "115": 3.8060803405707754e-06, "116": 3.806313101880486e-06, "117": 3.806771802996223e-06, "118": 3.807106096055106e-06, "119": 3.8075586617042317e-06, "120": 3.807889319808605e-06, "121": 3.808335759187372e-06, "122": 3.808565158145258e-06, "123": 3.809117652755255e-06, "124": 3.8093457198882047e-06, "125": 3.809886749925697e-06, "126": 3.810212005886548e-06, "127": 3.810437435133346e-06, "128": 3.810972332617637e-06, "129": 3.811294819779383e-06, "130": 3.811615560961807e-06, "131": 3.812144365851493e-06, "132": 3.8124623193498963e-06, "133": 3.8128913926597816e-06, "134": 3.813316972288075e-06, "135": 3.813631989620023e-06, "136": 3.813945239967664e-06, "137": 3.814366226179269e-06, "138": 3.814785461530983e-06, "139": 3.815095039088653e-06, "140": 3.815316496614131e-06, "141": 3.815730303050187e-06, "142": 3.816036159654153e-06, "143": 3.816556108151525e-06, "144": 3.816962804523916e-06, "145": 3.817367675713437e-06, "146": 3.817669865181747e-06, "147": 3.818175514619965e-06, "148": 3.818376510425649e-06, "149": 3.818876106644262e-06, "150": 3.819171732731835e-06, "151": 3.81966453181816e-06, "152": 3.819957388047915e-06, "153": 3.820446738953151e-06, "154": 3.820736809798038e-06, "155": 3.821222667315573e-06, "156": 3.821509930722213e-06, "157": 3.821992228514064e-06, "158": 3.822384793616239e-06, "159": 3.822579308107932e-06, "160": 3.822872391217743e-06, "161": 3.823163665324683e-06, "162": 3.823640244795764e-06, "163": 3.824113334647317e-06, "164": 3.824582946258079e-06, "165": 3.824866657805193e-06, "166": 3.825148530493864e-06, "167": 3.825611466030588e-06, "168": 3.826069904944933e-06, "169": 3.826248380295627e-06, "170": 3.826526839352213e-06, "171": 3.826978496464522e-06, "172": 3.827155605481745e-06, "173": 3.827431227091494e-06, "174": 3.827878071850742e-06, "175": 3.8280540445558116e-06, "176": 3.828410290130836e-06, "177": 3.828674486518459e-06, "178": 3.829028148332912e-06, "179": 3.829291176212134e-06, "180": 3.82955242784796e-06, "181": 3.829811904791336e-06, "182": 3.830159239857508e-06, "183": 3.830415951817482e-06, "184": 3.830844783100569e-06, "185": 3.831099684144362e-06, "186": 3.831352814675549e-06, "187": 3.83168869151574e-06, "188": 3.831859664539958e-06, "189": 3.832274482869408e-06, "190": 3.832522961858686e-06, "191": 3.832769661159846e-06, "192": 3.833014582845347e-06, "193": 3.833257728956877e-06, "194": 3.833583273117565e-06, "195": 3.833823588231362e-06, "196": 3.834220078977533e-06, "197": 3.834457630325434e-06, "198": 3.834693405763155e-06, "199": 3.834847385558992e-06, "200": 3.835079632832532e-06, "201": 3.835309999671561e-06, "202": 3.835538501239841e-06, "203": 3.835689139265288e-06, "204": 3.835914144884242e-06, "205": 3.836137278292857e-06, "206": 3.836358554807663e-06, "207": 3.836506041639918e-06, "208": 3.836724653303681e-06, "209": 3.836941421035048e-06, "210": 3.837156360341761e-06, "211": 3.837299946467367e-06, "212": 3.837510747065991e-06, "213": 3.837719696200259e-06, "214": 3.837926809744923e-06, "215": 3.838066537877073e-06, "216": 3.838270114008436e-06, "217": 3.838471858591522e-06, "218": 3.838671787268809e-06, "219": 3.838806283731174e-06, "220": 3.839130776269429e-06, "221": 3.839324021200287e-06, "222": 3.839515438830171e-06, "223": 3.839645063717208e-06, "224": 3.839833890289748e-06, "225": 3.840020892257263e-06, "226": 3.840206071536735e-06, "227": 3.840469038287895e-06, "228": 3.840651634509747e-06, "229": 3.840832412803651e-06, "230": 3.840998188151249e-06, "231": 3.841162145326884e-06, "232": 3.841400869752533e-06, "233": 3.841562241699709e-06, "234": 3.841721800100414e-06, "235": 3.841880456488358e-06, "236": 3.842038212135041e-06, "237": 3.84219506828552e-06, "238": 3.842426867053073e-06, "239": 3.842581909886475e-06, "240": 3.842811124694406e-06, "241": 3.842964356499645e-06, "242": 3.84318999810574e-06, "243": 3.843342191497258e-06, "244": 3.843566113943486e-06, "245": 3.843862214309856e-06, "246": 3.844011883394622e-06, "247": 3.84423214532988e-06, "248": 3.844450630560714e-06, "249": 3.844667341050734e-06, "250": 3.844882278788414e-06, "251": 3.845170289139446e-06, "252": 3.845381665499257e-06, "253": 3.845514652431777e-06, "254": 3.845722421832049e-06, "255": 3.845928424255536e-06, "256": 3.846059632402129e-06, "257": 3.846263851532452e-06, "258": 3.846539268045479e-06, "259": 3.84674171243997e-06, "260": 3.846942391054363e-06, "261": 3.84707077553331e-06, "262": 3.847269684346061e-06, "263": 3.847466831002711e-06, "264": 3.847593457954932e-06, "265": 3.84797825595914e-06, "266": 3.848242278665792e-06, "267": 3.848434898166292e-06, "268": 3.848695420215717e-06,