{"0": 7.815663765451663e-06, "1": 7.643339129596488e-06, "2": 7.476449197825708e-06, "3": 7.315053151801262e-06, "4": 7.161042730303649e-06, "5": 7.013583271403598e-06, "6": 6.872288168239014e-06, "7": 6.73809623868615e-06, "8": 6.609789069113645e-06, "9": 6.486608518973551e-06, "10": 6.368853752538965e-06, "11": 6.257351605330882e-06, "12": 6.150417934676641e-06, "13": 6.047535787625121e-06, "14": 5.950791333458316e-06, "15": 5.857640320658421e-06, "16": 5.769974100693526e-06, "17": 5.685934149098908e-06, "18": 5.608077598822003e-06, "19": 5.533221439247657e-06, "20": 5.462371409540058e-06, "21": 6.483783965586616e-06, "22": 6.417253509204052e-06, "23": 6.357117180290597e-06, "24": 6.299103233633182e-06, "25": 6.244307525206087e-06, "26": 6.192341994680076e-06, "27": 6.143729355609608e-06, "28": 6.097619207086884e-06, "29": 6.054477884813589e-06, "30": 6.014299401777264e-06, "31": 5.976578508493183e-06, "32": 5.942734185121634e-06, "33": 5.911319762117584e-06, "34": 5.882958315579998e-06, "35": 5.857183049581845e-06, "36": 5.83401768461713e-06, "37": 5.813083313988649e-06, "38": 5.794611252119027e-06, "39": 5.778550106295551e-06, "40": 5.764506894042847e-06, "41": 5.651717830847926e-06, "42": 5.638545802525754e-06, "43": 5.627341053738092e-06, "44": 5.618171732997978e-06, "45": 5.610537021671565e-06, "46": 5.605051185521464e-06, "47": 5.601007820126581e-06, "48": 5.599182283944622e-06, "49": 5.599026723237191e-06, "50": 5.601072551532899e-06, "51": 5.604859086118337e-06, "52": 5.610444648705359e-06, "53": 5.619864239845018e-06, "54": 5.630040316417725e-06, "55": 5.642365313978931e-06, "56": 5.656209581895696e-06, "57": 5.673030232463276e-06, "58": 5.690412850901978e-06, "59": 5.711812613567786e-06, "60": 5.733562479204099e-06, "61": 5.757011409605553e-06, "62": 5.784964645224376e-06, "63": 5.813359567389279e-06, "64": 5.843794101918341e-06, "65": 5.877002010834372e-06, "66": 5.912239162986445e-06, "67": 5.949318182740523e-06, "68": 5.987714246995641e-06, "69": 6.02758993206686e-06, "70": 6.071855246726585e-06, "71": 6.11718915443722e-06, "72": 6.164390161483864e-06, "73": 6.213192451313791e-06, "74": 6.265147571212876e-06, "75": 6.319520448002622e-06, "76": 6.375253579089856e-06, "77": 6.433543666205807e-06, "78": 6.49321406437508e-06, "79": 6.554625298921102e-06, "80": 6.617478335898864e-06, "81": 6.682662283955636e-06, "82": 6.750570146039987e-06, "83": 6.820252877028441e-06, "84": 6.89201550983199e-06, "85": 6.965415392078602e-06, "86": 7.040775834898144e-06, "87": 7.117769934894374e-06, "88": 7.196147926173007e-06, "89": 7.277158750840428e-06, "90": 7.359214732152661e-06, "91": 5.026402096734135e-06, "92": 5.035075630686311e-06, "93": 5.044199320150935e-06, "94": 5.053890250785167e-06, "95": 5.062973149991209e-06, "96": 5.074092429615598e-06, "97": 5.084770678248441e-06, "98": 5.096736730706248e-06, "99": 5.108608408906932e-06, "100": 5.121303848135892e-06, "101": 5.134591741584039e-06, "102": 5.148192662057391e-06, "103": 5.162791694602695e-06, "104": 5.178044719003502e-06, "105": 5.194200424578137e-06, "106": 5.210986985060893e-06, "107": 5.228695914624467e-06, "108": 5.247164998240409e-06, "109": 5.266735515284008e-06, "110": 5.286918844510078e-06, "111": 5.308216379529433e-06, "112": 5.33034963503159e-06, "113": 5.353342371911977e-06, "114": 5.37715019316027e-06, "115": 5.401826038161556e-06, "116": 5.427844186591039e-06, "117": 5.454272823871404e-06, "118": 5.482088514164475e-06, "119": 5.511874917992765e-06, "120": 5.542287232296185e-06, "121": 5.573983279326442e-06, "122": 5.606497120616196e-06, "123": 5.640578500202726e-06, "124": 5.675306917647209e-06, "125": 5.710776410385971e-06, "126": 5.747514995395726e-06, "127": 5.785244517173775e-06, "128": 5.823812845347477e-06, "129": 5.863339031737398e-06, "130": 5.90428581023793e-06, "131": 5.946014389914759e-06, "132": 5.988636906236531e-06, "133": 6.033069871638202e-06, "134": 6.07820421835973e-06, "135": 6.124505963595562e-06, "136": 6.17185449712411e-06, "137": 6.220191834164539e-06, "138": 6.269785890784918e-06, "139": 6.321350125211912e-06, "140": 6.373499427027781e-06, "141": 6.427741829929281e-06, "142": 6.293444212519961e-06, "143": 6.402206778401344e-06, "144": 6.452391054366624e-06, "145": 6.50299691470477e-06, "146": 6.554448275525049e-06, "147": 6.606992640244678e-06, "148": 6.660161474136653e-06, "149": 6.715783321527715e-06, "150": 6.771891784964644e-06, "151": 6.830638531238491e-06, "152": 6.890257008130833e-06, "153": 6.953538805908688e-06, "154": 7.01757827827806e-06, "155": 7.085189745148013e-06, "156": 7.153721381673852e-06, "157": 7.224856037000578e-06, "158": 7.297495029906649e-06, "159": 7.373499988225028e-06, "160": 7.45037599052061e-06, "161": 7.529816550993096e-06, "162": 7.610582255757913e-06, "163": 7.693898035132218e-06, "164": 7.77918361732551e-06, "165": 7.866597148565192e-06, "166": 7.955938556815338e-06, "167": 8.047537688562182e-06, "168": 8.140833072210852e-06, "169": 8.235651965586615e-06, "170": 8.33230635957771e-06, "171": 8.431267597116774e-06, "172": 8.532053075247345e-06, "173": 8.634354743788754e-06, "174": 8.738018442848524e-06, "175": 8.844784964644599e-06, "176": 8.952959666016335e-06, "177": 8.644611225841442e-06, "178": 8.756284351980895e-06, "179": 8.869380678685161e-06, "180": 8.984718501254394e-06, "181": 9.100994194098493e-06, "182": 9.219194247265843e-06, "183": 9.339686618485308e-06, "184": 9.4608304918239e-06, "185": 9.584347712437651e-06, "186": 9.70921764669528e-06, "187": 9.445778216127395e-06, "188": 9.569503373574946e-06, "189": 9.697415495526869e-06, "190": 9.662580556774622e-06, "191": 9.782015525916062e-06, "192": 9.90483424151283e-06, "193": 1.002821262016259e-05, "194": 1.015609427670732e-05, "195": 1.0284451631557993e-05, "196": 1.0415392552824335e-05, "197": 1.0547901768406323e-05, "198": 1.0138379895089204e-05, "199": 1.026410103741873e-05, "200": 1.0389381716386125e-05, "201": 1.0519363069176466e-05, "202": 1.064973347596081e-05, "203": 1.078239719323386e-05, "204": 1.0915655457179836e-05, "205": 1.1051512399623223e-05, "206": 1.1187425164100584e-05, "207": 1.1324707886481773e-05, "208": 1.1462057391097242e-05, "209": 1.1601004122119156e-05, "210": 1.1738743152643358e-05, "211": 1.187836859737119e-05, "212": 1.2017329598822002e-05, "213": 1.215886910243543e-05, "214": 1.2299778553644207e-05, "215": 1.2439546051786196e-05, "216": 1.2577771243765122e-05, "217": 1.271380963283259e-05, "218": 1.284687679805973e-05, "219": 1.2976580950669298e-05, "220": 1.3102446979515545e-05, "221": 1.3223689442022426e-05, "222": 1.3340058988648179e-05, "223": 1.3450630018599819e-05, "224": 1.3555239962322312e-05, "225": 1.3653131718873752e-05, "226": 1.3743846665715502e-05, "227": 1.3826880053935218e-05, "228": 1.3901968875323567e-05, "229": 1.396860010991824e-05, "230": 1.4026362208037146e-05, "231": 1.40748113693259e-05, "232": 1.4113941566453916e-05, "233": 1.4143419088669528e-05, "234": 1.4163273155822986e-05, "235": 1.4173265882898704e-05, "236": 1.4173356073867014e-05, "237": 1.4163908906967735e-05, "238": 1.414498365691456e-05, "239": 1.4116960099451998e-05, "240": 1.407987915525916e-05, "241": 1.403399623223125e-05, "242": 1.3979857948332191e-05, "243": 1.3916738520261942e-05, "244": 1.3846171302834572e-05, "245": 1.3768406323568344e-05, "246": 1.3683669668472914e-05, "247": 1.3592873919642054e-05, "248": 1.3496014496734135e-05, "249": 1.339396263385759e-05, "250": 1.3287315582298583e-05, "251": 1.3176161499595563e-05, "252": 1.3060613276632767e-05, "253": 1.294158580213166e-05, "254": 1.28189870308119e-05, "255": 1.269324031753443e-05, "256": 1.2564757523908834e-05, "257": 1.2434079612089224e-05, "258": 1.2302636220803713e-05, "259": 1.2169121853483018e-05, "260": 1.2034947936184546e-05, "261": 1.1899981846503834e-05, "262": 1.176466952763351e-05, "263": 1.1629857948332193e-05, "264": 1.1495932906859552e-05, "265": 1.1362791552591606e-05, "266": 1.1232014138131336e-05, "267": 1.1101181813459956e-05, "268": 1.097241214041113e-05,