{"0": 1.9327685603848124e-06, "1": 1.921319020556113e-06, "2": 1.910978716301292e-06, "3": 1.903828330752178e-06, "4": 1.897284242661555e-06, "5": 1.8913619946467368e-06, "6": 1.8842478148671565e-06, "7": 1.878586395368301e-06, "8": 1.8735391629837923e-06, "9": 1.8698715873268832e-06, "10": 1.8667634289839956e-06, "11": 1.8647000845946152e-06, "12": 1.8631165684617638e-06, "13": 1.8620244670077983e-06, "14": 1.861413862214644e-06, "15": 1.8612861545610816e-06, "16": 1.8616147610668986e-06, "17": 1.8623862423714574e-06, "18": 1.863583161399432e-06, "19": 1.865181344421251e-06, "20": 1.8671759882299862e-06, "21": 1.8695577669527744e-06, "22": 1.8723091097063467e-06, "23": 1.8754167527181074e-06, "24": 1.8788648316801962e-06, "25": 1.8826359556857156e-06, "26": 1.887134371901004e-06, "27": 1.891176219808463e-06, "28": 1.895551270273877e-06, "29": 1.9002446755497256e-06, "30": 1.905240244199187e-06, "31": 1.9105206256247075e-06, "32": 1.9160700032906804e-06, "33": 1.921867198758838e-06, "34": 1.9268390771146757e-06, "35": 1.8642006734139955e-06, "36": 1.8645511522867807e-06, "37": 1.8650741275294528e-06, "38": 1.865766289945037e-06, "39": 1.866624440071253e-06, "40": 1.867645166412467e-06, "41": 1.868826500858102e-06, "42": 1.87029302660149e-06, "43": 1.871887342894542e-06, "44": 1.873995696517173e-06, "45": 1.876359966141381e-06, "46": 1.879198642398555e-06, "47": 1.8819077553530867e-06, "48": 1.8856262106338428e-06, "49": 1.8897003215239925e-06, "50": 1.8936302568600123e-06, "51": 1.8982542036725284e-06, "52": 1.9027415494451034e-06, "53": 1.9075677815259974e-06, "54": 1.8820436034111322e-06, "55": 1.8860268593892095e-06, "56": 1.890693526978187e-06, "57": 1.8957018042469955e-06, "58": 1.901042735232098e-06, "59": 1.906703554030623e-06, "60": 1.912670732128711e-06, "61": 1.892843075841498e-06, "62": 1.8973685413340822e-06, "63": 1.902187640237731e-06, "64": 1.9072911964228308e-06, "65": 1.9126685834925763e-06, "66": 1.918306059207087e-06, "67": 1.923483984501538e-06, "68": 1.928892167735391e-06, "69": 1.933827532393392e-06, "70": 1.93921783510526e-06, "71": 1.9442008337728345e-06, "72": 1.949360567761109e-06, "73": 1.954050541783778e-06, "74": 1.958963507119047e-06, "75": 1.964082005085449e-06, "76": 1.9687645166299864e-06, "77": 1.973979507986064e-06, "78": 1.9788009277054235e-06, "79": 1.9847101344485077e-06, "80": 1.989932135682855e-06, "81": 1.995405096185871e-06, "82": 2.0011116631898517e-06, "83": 2.007044453303362e-06, "84": 2.0131932308697523e-06, "85": 2.0195484803994353e-06, "86": 2.026101783660855e-06, "87": 2.032844234032115e-06, "88": 2.039766524385153e-06, "89": 2.0468589094038693e-06, "90": 2.0541113262692012e-06, "91": 2.061513295982542e-06, "92": 2.069053917637841e-06, "93": 2.076046757134375e-06, "94": 2.083163351307043e-06, "95": 2.090389330107765e-06, "96": 2.097711466070732e-06, "97": 2.105117498305004e-06, "98": 2.112594611681702e-06, "99": 2.119429188265089e-06, "100": 2.126425985023348e-06, "101": 2.1331777080979435e-06, "102": 2.1394145946399186e-06, "103": 2.145802280206683e-06, "104": 2.1523315802319247e-06, "105": 2.158580556209503e-06, "106": 2.164585320579292e-06, "107": 2.17072979203719e-06, "108": 2.176999238865679e-06, "109": 2.183015694247547e-06, "110": 2.1891515220313883e-06, "111": 2.194957970799436e-06, "112": 2.200858162235282e-06, "113": 2.2064115867175445e-06, "114": 2.21193351652425e-06, "115": 2.21703649539327e-06, "116": 1.918940597533947e-06, "117": 1.924840502157147e-06, "118": 1.930495861468135e-06, "119": 1.936417730990812e-06, "120": 1.9425895744385965e-06, "121": 1.9489953255140132e-06, "122": 1.955621455589885e-06, "123": 1.961623835694939e-06, "124": 1.968535147817454e-06, "125": 1.9748612143093145e-06, "126": 1.9814041763788915e-06, "127": 1.988168288599424e-06, "128": 1.995141976657904e-06, "129": 2.001646700511877e-06, "130": 2.008354002626466e-06, "131": 2.015269784116853e-06, "132": 2.022384976767591e-06, "133": 2.0296901848529094e-06, "134": 2.0371750201887373e-06, "135": 2.044829399818816e-06, "136": 2.0526435402633036e-06, "137": 2.0606069903932265e-06, "138": 2.068709772863955e-06, "139": 2.076941198595679e-06, "140": 2.0852902094285196e-06, "141": 2.093755313936662e-06, "142": 2.102326757476839e-06, "143": 2.110994356455512e-06, "144": 2.119747517173628e-06, "145": 2.128575971408899e-06, "146": 2.1374701297121762e-06, "147": 2.1464197424606764e-06, "148": 2.1554142385310637e-06, "149": 2.164443685600206e-06, "150": 2.1734981884483864e-06, "151": 2.182567807205474e-06, "152": 2.191642646808797e-06, "153": 2.2007127607775988e-06, "154": 2.2097682393309668e-06, "155": 2.218809160539151e-06, "156": 2.227825595304928e-06, "157": 2.236807609459586e-06, "158": 2.245745265675271e-06, "159": 2.254628621455252e-06, "160": 2.263447738221875e-06, "161": 2.2722026712398514e-06, "162": 2.28088347851641e-06, "163": 2.289480219989656e-06, "164": 2.297982958421894e-06, "165": 2.306381759392231e-06, "166": 2.314666701275151e-06, "167": 1.8640502048583585e-06, "168": 1.8641933036006455e-06, "169": 1.8646927375253336e-06, "170": 1.8652443714017863e-06, "171": 1.865785634436179e-06, "172": 1.866657945086884e-06, "173": 1.8679172949576565e-06, "174": 1.8693006277250688e-06, "175": 1.8708892415170312e-06, "176": 1.8726719875440745e-06, "177": 1.874313271108269e-06, "178": 1.8763782598380433e-06, "179": 1.8788414995544777e-06, "180": 1.8808608295629472e-06, "181": 1.8837136067035615e-06, "182": 1.886915102559596e-06, "183": 1.8904571991206147e-06, "184": 1.8943314983088195e-06, "185": 1.898527260840455e-06, "186": 1.9030438153393962e-06, "187": 1.907870230230678e-06, "188": 1.9129951800057476e-06, "189": 1.9184164136979685e-06, "190": 1.924122158498845e-06, "191": 1.930101155986968e-06, "192": 1.936342128913926e-06, "193": 1.942833446487901e-06, "194": 1.9495638421422794e-06, "195": 1.9565215509939528e-06, "196": 1.9636952876116894e-06, "197": 1.9710731777085774e-06, "198": 1.9786430045501866e-06, "199": 1.986392945209712e-06, "200": 1.9943110260481285e-06, "201": 2.002385834882194e-06, "202": 2.010605799971048e-06, "203": 2.018961011571439e-06, "204": 2.02744093951594e-06, "205": 2.036035319888929e-06, "206": 2.044733350284042e-06, "207": 2.053524673322197e-06, "208": 2.062400199738221e-06, "209": 2.0713501726715695e-06, "210": 2.0803649568228137e-06, "211": 2.089434440026214e-06, "212": 2.098548171092795e-06, "213": 1.8721117498160453e-06, "214": 1.8752044813531637e-06, "215": 1.8793084803517173e-06, "216": 1.8837267183660383e-06, "217": 1.8884489868846995e-06, "218": 1.8934645851493634e-06, "219": 1.898762413133177e-06, "220": 1.904341148818227e-06, "221": 1.910189914757529e-06, "222": 1.91629739575195e-06, "223": 1.922652877028122e-06, "224": 1.929245100028753e-06, "225": 1.9360633979434855e-06, "226": 1.943096531388654e-06, "227": 1.950333068936999e-06, "228": 1.957761108210343e-06, "229": 1.965368940562607e-06, "230": 1.9731445778235215e-06, "231": 1.981076643632943e-06, "232": 1.989153835070014e-06, "233": 1.997365288219463e-06, "234": 2.005700778949852e-06, "235": 2.0141501174092282e-06, "236": 2.022702741916361e-06, "237": 2.031348128453472e-06, "238": 2.0400760431448695e-06, "239": 2.04887640428549e-06, "240": 2.057739097864459e-06, "241": 2.066653841961448e-06, "242": 2.075610217983196e-06, "243": 2.084598007421876e-06, "244": 2.093606883270928e-06, "245": 2.102626601249767e-06, "246": 2.11164684940026e-06, "247": 2.120657416397223e-06, "248": 2.129648174786419e-06, "249": 2.13860888998059e-06, "250": 2.147529456578508e-06, "251": 2.1563996726148387e-06, "252": 2.165209328825852e-06, "253": 2.173948332578598e-06, "254": 2.182606584281788e-06, "255": 2.191173976698153e-06, "256": 2.199640417978255e-06, "257": 2.207995815610736e-06, "258": 2.2162299837937746e-06, "259": 2.224332736200236e-06, "260": 2.232293883395954e-06, "261": 2.240103239276274e-06, "262": 2.24775061614059e-06, "263": 2.255225828410294e-06, "264": 2.262518684725916e-06, "265": 2.269619001402284e-06, "266": 1.916027142490533e-06,